Emp Id,Department,Business Unit,Gender,Ethnicity,Age,Hire Date,Annual Salary
E01639,Finance,Manufacturing,Male,Asian,55,11/20/1995,95409
E01550,IT,Corporate,Female,Caucasian,27,7/1/2020,119746
E0433E,Finance,Manufacturing,Male,Black,25,5/16/2020,41336
E04533,Accounting,Manufacturing,Male,Caucasian,29,1/25/2019,113527
E03838,Finance,Speciality Products,Female,Caucasian,34,6/13/2018,77203
E00591,Human Resources,Manufacturing,Female,Asian,36,2/11/2009,157333
E03344,Engineering,Speciality Products,Female,Caucasian,27,10/21/2021,109851
E00530,Human Resources,Manufacturing,Male,Caucasian,59,3/14/1999,105086
E03496,Accounting,Speciality Products,Male,Asian,31,11/4/2017,97078
E00549,Marketing,Research & Development,Female,Asian,41,3/13/2013,249270
E00163,Finance,Research & Development,Female,Black,65,3/4/2002,175837
E00884,Marketing,Speciality Products,Female,Latino,64,12/1/2003,154828
E04116,IT,Corporate,Male,Caucasian,64,11/3/2013,186503
E04732,Sales,Manufacturing,Female,Latino,36,4/2/2021,151703
E00671,Sales,Speciality Products,Male,Caucasian,37,9/5/2019,49998
E02206,Human Resources,Speciality Products,Male,Black,41,4/17/2015,152239
E00154,Engineering,Speciality Products,Male,Asian,43,6/7/2004,246231
E02594,IT,Research & Development,Male,Asian,28,6/25/2017,54775
E01994,Sales,Research & Development,Male,Caucasian,61,7/11/2008,66521
E03247,Finance,Research & Development,Female,Caucasian,27,5/6/2018,49011
E02074,IT,Manufacturing,Female,Caucasian,32,2/11/2014,99575
E01628,Marketing,Research & Development,Male,Caucasian,27,10/20/2019,256420
E04285,IT,Manufacturing,Female,Latino,35,5/15/2013,78940
E03749,Marketing,Speciality Products,Female,Caucasian,53,11/23/2013,113135
E03574,IT,Speciality Products,Male,Caucasian,52,11/8/2005,199808
E00586,Marketing,Research & Development,Female,Caucasian,29,5/24/2019,122350
E03538,IT,Research & Development,Male,Caucasian,40,11/4/2010,92952
E02185,IT,Corporate,Male,Latino,32,3/20/2013,79921
E03830,IT,Research & Development,Female,Black,37,9/20/2009,167199
E03720,Engineering,Research & Development,Male,Caucasian,52,10/17/2012,71476
E03025,Engineering,Manufacturing,Female,Caucasian,45,10/29/2014,189420
E04917,Human Resources,Research & Development,Female,Caucasian,64,10/20/2001,64057
E00415,Marketing,Manufacturing,Female,Black,27,9/21/2021,68728
E04207,Marketing,Manufacturing,Male,Latino,35,5/15/2011,66889
E02139,Accounting,Research & Development,Female,Asian,36,9/29/2015,178700
E01797,Engineering,Research & Development,Female,Caucasian,33,12/22/2018,83990
E01839,Engineering,Corporate,Female,Caucasian,52,12/10/2005,102043
E01633,Engineering,Manufacturing,Female,Asian,46,5/30/2001,90678
E01848,Human Resources,Manufacturing,Female,Black,46,8/21/2008,59067
E04000,Engineering,Corporate,Female,Latino,44,12/18/2008,92753
E02112,Human Resources,Speciality Products,Male,Black,45,8/7/2013,236946
E03824,Finance,Corporate,Female,Black,36,8/27/2021,48906
E03906,Sales,Corporate,Female,Caucasian,38,1/27/2008,80024
E00436,Human Resources,Speciality Products,Female,Caucasian,41,10/23/2009,54415
E04798,Marketing,Research & Development,Female,Asian,30,4/24/2016,120341
E01249,IT,Speciality Products,Female,Latino,43,8/4/2009,208415
E03349,IT,Speciality Products,Female,Asian,32,1/5/2020,78844
E02966,Engineering,Manufacturing,Male,Caucasian,58,5/23/2002,76354
E01499,Finance,Speciality Products,Female,Latino,37,1/28/2019,165927
E00665,Engineering,Corporate,Male,Asian,55,9/3/1998,86299
E00254,Finance,Corporate,Male,Latino,34,6/27/2015,57008
E0216E,Finance,Manufacturing,Male,Latino,60,9/23/2015,141899
E00935,Marketing,Corporate,Male,Black,41,9/13/2016,64847
E01525,Engineering,Research & Development,Male,Caucasian,53,4/8/1992,116878
E00386,Engineering,Speciality Products,Male,Black,45,2/5/2005,70505
E03383,Accounting,Speciality Products,Male,Caucasian,26,7/28/2020,180664
E01258,IT,Manufacturing,Male,Caucasian,29,12/10/2018,84596
E04562,Sales,Manufacturing,Male,Asian,31,7/22/2017,55854
E02802,Human Resources,Research & Development,Male,Asian,53,11/16/2002,95998
E01427,Sales,Manufacturing,Female,Asian,34,4/22/2015,154941
E03890,Sales,Manufacturing,Female,Caucasian,31,8/20/2020,219693
E01194,Engineering,Research & Development,Female,Caucasian,45,4/22/2013,61773
E02875,IT,Speciality Products,Female,Asian,48,1/9/2007,74546
E04959,Engineering,Speciality Products,Male,Black,56,1/27/2015,62575
E01261,Accounting,Speciality Products,Male,Caucasian,55,4/5/2007,52310
E03612,Finance,Speciality Products,Male,Black,64,6/29/2013,159571
E01388,Engineering,Research & Development,Female,Latino,50,10/23/1997,91763
E03875,Engineering,Corporate,Female,Caucasian,51,12/22/1995,96475
E04413,Engineering,Manufacturing,Male,Caucasian,36,12/2/2016,113781
E00691,Finance,Research & Development,Male,Asian,42,1/15/2003,166599
E04735,IT,Manufacturing,Female,Caucasian,44,12/13/2006,74738
E02850,Sales,Research & Development,Female,Asian,41,8/10/2018,171173
E03583,Sales,Corporate,Male,Latino,61,9/24/2019,201464
E02017,Human Resources,Corporate,Male,Caucasian,50,7/22/1998,174895
E01642,IT,Manufacturing,Female,Asian,49,4/18/2006,134486
E04131,Marketing,Corporate,Female,Latino,42,1/2/2021,94430
E02331,IT,Manufacturing,Female,Asian,55,8/9/2005,92771
E00417,Finance,Speciality Products,Female,Latino,39,4/6/2006,71531
E04267,IT,Speciality Products,Male,Black,28,3/6/2019,90304
E03061,Marketing,Manufacturing,Female,Caucasian,65,9/7/2011,104903
E04265,Engineering,Corporate,Female,Latino,62,10/12/2006,79785
E03042,IT,Manufacturing,Female,Caucasian,63,4/1/1992,53809
E03131,IT,Manufacturing,Male,Caucasian,37,2/25/2014,128984
E00128,Human Resources,Manufacturing,Female,Latino,54,1/22/2018,176294
E00306,IT,Manufacturing,Male,Caucasian,40,1/22/2011,97339
E00170,Marketing,Speciality Products,Female,Caucasian,35,9/7/2019,70992
E01425,Engineering,Corporate,Male,Caucasian,33,6/18/2015,205314
E03567,IT,Research & Development,Male,Latino,51,4/15/2008,86431
E00957,Sales,Corporate,Female,Caucasian,46,7/18/2013,149712
E04458,Engineering,Speciality Products,Male,Caucasian,30,10/2/2021,88758
E00521,IT,Research & Development,Female,Caucasian,54,5/18/1998,68268
E01533,Sales,Speciality Products,Female,Caucasian,49,5/15/1996,86658
E02855,IT,Manufacturing,Female,Asian,62,3/15/2009,82839
E00816,IT,Speciality Products,Female,Caucasian,28,10/8/2021,64475
E04888,IT,Corporate,Male,Caucasian,32,1/3/2014,127148
E03907,Finance,Speciality Products,Female,Caucasian,32,1/2/2018,190253
E02166,Accounting,Research & Development,Male,Caucasian,55,4/28/2000,115798
E00431,Human Resources,Research & Development,Female,Asian,58,8/21/1994,93102
E01501,Engineering,Speciality Products,Male,Asian,34,11/16/2017,110054
E01141,Engineering,Research & Development,Female,Black,27,1/28/2021,95786
E02942,Engineering,Speciality Products,Male,Caucasian,30,5/20/2018,184368
E04130,Finance,Corporate,Male,Latino,45,12/24/2021,144754
E02848,Sales,Research & Development,Female,Caucasian,30,12/18/2016,89458
E00085,Accounting,Corporate,Female,Asian,56,3/16/2014,190815
E03956,Sales,Research & Development,Female,Caucasian,62,8/2/1999,137995
E03506,Human Resources,Research & Development,Male,Asian,48,3/8/2014,197367
E00568,Accounting,Manufacturing,Female,Latino,27,6/25/2018,174097
E00535,IT,Speciality Products,Male,Latino,53,10/31/2006,120128
E04630,Marketing,Manufacturing,Female,Caucasian,59,4/25/2007,129708
E00874,Marketing,Research & Development,Male,Asian,55,9/18/1994,102270
E00941,Finance,Manufacturing,Female,Asian,55,3/28/2002,50475
E03446,Marketing,Research & Development,Male,Caucasian,51,7/2/2020,100099
E01361,IT,Manufacturing,Female,Caucasian,54,12/27/2016,41673
E03719,Marketing,Corporate,Male,Caucasian,55,12/7/2004,40752
E02489,Human Resources,Manufacturing,Male,Caucasian,33,8/4/2017,92610
E03189,Sales,Speciality Products,Male,Caucasian,50,3/25/2003,123405
E02791,Sales,Corporate,Female,Latino,49,4/2/1998,160832
E02333,IT,Manufacturing,Male,Black,54,12/28/2010,64417
E00233,IT,Manufacturing,Female,Latino,36,12/19/2019,91954
E02639,Marketing,Corporate,Female,Black,30,9/21/2016,221217
E00697,IT,Manufacturing,Male,Latino,29,5/11/2017,87536
E02183,Sales,Corporate,Female,Latino,47,6/9/2015,41429
E00715,Engineering,Manufacturing,Male,Asian,35,10/10/2011,245482
E04288,Engineering,Manufacturing,Female,Caucasian,25,1/20/2020,71359
E02421,Engineering,Speciality Products,Male,Asian,45,8/28/2014,183161
E00523,IT,Corporate,Male,Caucasian,58,7/26/1993,69260
E03615,Engineering,Speciality Products,Male,Caucasian,51,10/9/1999,95639
E02121,Sales,Corporate,Male,Black,36,12/26/2021,75119
E01486,Accounting,Research & Development,Male,Asian,59,5/18/2011,192213
E03027,Sales,Manufacturing,Male,Caucasian,29,3/16/2017,151413
E03689,Accounting,Speciality Products,Male,Caucasian,62,4/22/2003,76906
E01286,Engineering,Research & Development,Male,Latino,47,7/14/1998,99091
E00626,Finance,Corporate,Female,Caucasian,28,9/4/2020,95045
E04342,Marketing,Speciality Products,Female,Caucasian,29,1/5/2017,190401
E01291,Sales,Speciality Products,Male,Latino,45,2/10/2021,79882
E00917,Engineering,Manufacturing,Female,Caucasian,30,3/6/2018,255431
E03864,Finance,Manufacturing,Female,Caucasian,51,1/18/2017,53799
E00488,Sales,Corporate,Female,Caucasian,28,7/3/2021,82739
E02227,IT,Manufacturing,Female,Caucasian,36,5/30/2014,99080
E01970,Human Resources,Research & Development,Female,Caucasian,51,3/28/2021,180687
E02813,Engineering,Corporate,Male,Asian,45,4/12/2001,95743
E02031,Engineering,Research & Development,Female,Caucasian,44,9/4/2009,89695
E04871,Human Resources,Research & Development,Male,Caucasian,30,3/15/2015,93734
E01070,Finance,Speciality Products,Male,Black,51,2/16/1995,125375
E04359,Accounting,Manufacturing,Male,Asian,25,2/8/2021,198243
E03268,Engineering,Research & Development,Female,Latino,42,11/23/2017,96023
E04035,Marketing,Research & Development,Female,Caucasian,34,6/25/2012,83066
E01221,Sales,Research & Development,Female,Latino,48,5/14/2014,61216
E00276,Accounting,Corporate,Male,Caucasian,33,2/10/2013,144231
E01263,Engineering,Manufacturing,Male,Latino,36,4/9/2009,60055
E03935,IT,Corporate,Female,Asian,53,4/30/2008,182202
E00742,Sales,Speciality Products,Male,Caucasian,43,1/31/2006,117518
E01860,Marketing,Manufacturing,Male,Caucasian,38,4/6/2008,126856
E02285,Sales,Research & Development,Female,Asian,45,3/1/2002,165181
E01921,Accounting,Manufacturing,Female,Caucasian,55,1/9/2011,138521
E00813,IT,Corporate,Female,Black,39,5/9/2018,73317
E00870,IT,Speciality Products,Female,Asian,40,6/26/2013,69096
E00245,Engineering,Corporate,Male,Latino,64,9/28/1992,70778
E00976,Human Resources,Speciality Products,Female,Latino,65,5/23/2004,153938
E01807,Engineering,Corporate,Male,Caucasian,50,12/13/2018,63098
E01412,Human Resources,Manufacturing,Female,Black,55,11/10/2004,142318
E04386,Human Resources,Manufacturing,Male,Black,41,8/20/2004,49186
E01232,Human Resources,Research & Development,Female,Black,34,7/27/2019,220937
E04572,IT,Speciality Products,Female,Asian,47,10/26/2012,183156
E02747,IT,Speciality Products,Female,Latino,32,7/22/2020,192749
E01064,IT,Manufacturing,Female,Asian,39,3/25/2017,135325
E00178,Sales,Speciality Products,Female,Caucasian,26,10/14/2019,79356
E01091,Engineering,Manufacturing,Male,Black,40,7/7/2005,74412
E01309,Accounting,Research & Development,Female,Asian,58,5/14/2003,173071
E02378,Engineering,Research & Development,Female,Caucasian,58,10/27/1995,70189
E04127,Sales,Research & Development,Female,Latino,42,9/11/2013,181452
E02072,Human Resources,Speciality Products,Male,Caucasian,26,3/12/2021,70369
E00187,Finance,Research & Development,Male,Asian,64,5/2/1996,189933
E04332,Engineering,Speciality Products,Male,Caucasian,38,7/1/2010,78237
E00273,Sales,Corporate,Male,Black,43,4/16/2004,94246
E00691,IT,Manufacturing,Female,Asian,34,5/22/2016,44614
E00825,Accounting,Corporate,Female,Latino,41,6/12/2016,70165
E04972,Marketing,Speciality Products,Male,Caucasian,30,7/18/2020,148485
E03941,IT,Manufacturing,Female,Asian,58,6/18/2005,86089
E02148,Engineering,Research & Development,Male,Latino,54,10/27/2007,106313
E04477,Accounting,Speciality Products,Male,Caucasian,27,10/13/2021,74077
E04348,Human Resources,Manufacturing,Female,Caucasian,31,1/18/2021,104162
E04222,Engineering,Research & Development,Female,Asian,55,9/8/2013,73248
E04126,Accounting,Manufacturing,Male,Black,51,10/9/2020,91853
E01896,Finance,Speciality Products,Male,Caucasian,25,1/14/2020,168014
E03018,Engineering,Corporate,Female,Caucasian,37,9/17/2017,70770
E03325,Human Resources,Corporate,Male,Caucasian,62,10/11/2004,50825
E01902,Human Resources,Research & Development,Female,Asian,64,12/7/2003,125807
E01466,Sales,Speciality Products,Male,Asian,25,7/28/2021,46845
E03474,IT,Corporate,Female,Caucasian,40,12/10/2010,97807
E02744,Human Resources,Manufacturing,Male,Latino,31,12/9/2015,73854
E00702,Accounting,Manufacturing,Male,Asian,45,12/12/2006,149537
E03081,Sales,Manufacturing,Female,Caucasian,49,4/15/2013,128303
E01281,IT,Speciality Products,Male,Black,46,6/10/2005,67374
E01753,Accounting,Speciality Products,Male,Asian,40,2/16/2018,120905
E04072,Finance,Manufacturing,Female,Caucasian,48,6/2/2018,231567
E00672,IT,Research & Development,Male,Asian,31,7/12/2015,215388
E04419,Sales,Speciality Products,Female,Asian,30,6/13/2015,127972
E00467,Engineering,Corporate,Female,Asian,55,8/4/1995,80701
E00306,Engineering,Corporate,Female,Caucasian,45,6/19/2019,88045
E03292,IT,Speciality Products,Female,Black,45,3/26/2018,86478
E04779,Engineering,Manufacturing,Male,Caucasian,63,1/18/2016,180994
E00501,Finance,Research & Development,Female,Asian,55,12/2/2007,64494
E01132,Sales,Manufacturing,Male,Black,47,10/21/2002,70122
E00556,Accounting,Manufacturing,Male,Caucasian,29,2/19/2017,181854
E00311,Human Resources,Speciality Products,Female,Latino,34,10/21/2016,52811
E04378,IT,Manufacturing,Male,Black,31,5/7/2016,71192
E03251,Sales,Manufacturing,Female,Latino,50,12/18/2018,155351
E03908,IT,Manufacturing,Male,Caucasian,54,10/24/1994,87216
E01351,IT,Corporate,Male,Caucasian,47,4/23/2020,50069
E02681,IT,Speciality Products,Female,Caucasian,26,7/26/2021,151108
E03807,IT,Manufacturing,Female,Asian,42,10/15/2005,67398
E00422,Engineering,Research & Development,Female,Latino,47,8/29/2015,68488
E00265,Engineering,Manufacturing,Female,Latino,60,7/16/1998,92932
E04601,Finance,Corporate,Female,Latino,36,6/30/2009,43363
E02914,Engineering,Research & Development,Female,Caucasian,51,6/14/1996,200246
E03268,IT,Corporate,Female,Caucasian,48,2/18/2015,194871
E04290,IT,Manufacturing,Female,Latino,25,5/11/2021,83934
E03630,Accounting,Research & Development,Male,Caucasian,36,9/3/2016,150399
E03045,Human Resources,Speciality Products,Male,Asian,57,4/28/1997,54051
E04877,Marketing,Speciality Products,Male,Latino,37,3/30/2013,69570
E04590,Human Resources,Manufacturing,Male,Caucasian,49,3/29/2001,57606
E01378,IT,Research & Development,Female,Asian,51,2/25/2012,64170
E04224,Human Resources,Speciality Products,Male,Latino,56,1/21/1998,72303
E03423,Sales,Research & Development,Male,Latino,36,7/26/2012,105891
E01584,Marketing,Speciality Products,Male,Asian,38,8/25/2021,255230
E00834,Finance,Speciality Products,Female,Latino,53,2/9/2002,58605
E04571,Engineering,Corporate,Female,Latino,60,1/4/2017,178502
E00399,Finance,Manufacturing,Male,Caucasian,30,3/18/2019,54714
E00836,IT,Manufacturing,Female,Caucasian,65,5/14/2018,60985
E00360,Engineering,Manufacturing,Male,Asian,53,10/22/2012,168510
E02861,IT,Research & Development,Male,Caucasian,62,4/15/2001,80921
E01357,Engineering,Research & Development,Female,Caucasian,61,1/15/2010,98110
E04387,IT,Speciality Products,Female,Caucasian,59,10/20/2017,86831
E03591,Marketing,Manufacturing,Female,Asian,64,2/14/2011,171217
E03328,IT,Research & Development,Female,Caucasian,57,4/27/2020,103058
E04937,Sales,Speciality Products,Male,Asian,52,8/7/2014,117062
E00515,Accounting,Speciality Products,Male,Latino,40,1/23/2019,159031
E03255,IT,Speciality Products,Male,Caucasian,43,4/7/2016,67976
E01711,Finance,Speciality Products,Male,Caucasian,31,4/22/2021,74215
E04972,Human Resources,Speciality Products,Female,Caucasian,41,10/26/2008,131841
E04749,Finance,Corporate,Female,Asian,41,3/14/2004,155004
E02023,IT,Manufacturing,Male,Asian,40,7/30/2007,41859
E03166,IT,Manufacturing,Male,Black,42,9/24/2006,52733
E02599,Human Resources,Corporate,Male,Asian,31,9/3/2015,250953
E00085,IT,Corporate,Male,Caucasian,46,9/14/2004,130274
E02108,Finance,Research & Development,Female,Caucasian,51,4/28/2006,150758
E03685,IT,Corporate,Male,Black,55,5/4/1998,62174
E01089,Accounting,Manufacturing,Male,Caucasian,43,10/20/2017,56555
E03988,Marketing,Manufacturing,Male,Caucasian,48,9/28/2005,74655
E00401,IT,Corporate,Male,Caucasian,48,8/11/2003,93017
E02417,Engineering,Research & Development,Female,Caucasian,46,1/24/2008,91621
E00359,Marketing,Research & Development,Male,Latino,33,11/30/2014,91280
E02044,Human Resources,Manufacturing,Female,Black,42,9/18/2020,47071
E01479,IT,Manufacturing,Female,Caucasian,55,11/21/2011,81218
E02769,Sales,Manufacturing,Female,Caucasian,26,11/21/2021,63137
E00553,Engineering,Research & Development,Female,Asian,50,5/10/2013,79388
E03540,IT,Manufacturing,Female,Caucasian,28,1/22/2018,68176
E02769,Finance,Research & Development,Female,Latino,39,10/18/2019,122829
E01807,Sales,Research & Development,Male,Asian,52,2/18/1994,99624
E01762,Sales,Speciality Products,Female,Asian,55,10/20/2012,108686
E04226,Engineering,Manufacturing,Male,Caucasian,47,1/2/2001,120628
E04101,Sales,Speciality Products,Female,Caucasian,63,6/14/2020,181216
E01981,Finance,Corporate,Female,Caucasian,63,3/16/2012,46081
E02534,Accounting,Corporate,Female,Caucasian,55,5/28/2004,159885
E01238,Sales,Manufacturing,Female,Caucasian,55,10/29/1995,153271
E01118,Human Resources,Manufacturing,Male,Asian,42,12/12/2009,114242
E04308,Engineering,Manufacturing,Male,Latino,35,5/23/2017,65566
E02295,Sales,Corporate,Male,Caucasian,47,2/28/2013,54635
E04546,IT,Corporate,Female,Caucasian,42,2/5/2020,96636
E04217,IT,Manufacturing,Female,Black,35,10/29/2014,91592
E04645,Marketing,Corporate,Male,Asian,57,8/4/2017,183190
E03880,Accounting,Speciality Products,Female,Caucasian,56,12/25/2019,54829
E04517,Marketing,Speciality Products,Female,Asian,43,6/11/2006,117278
E04639,IT,Manufacturing,Female,Caucasian,47,7/28/2018,87806
E00465,Engineering,Research & Development,Male,Caucasian,62,10/4/2011,63959
E04927,Finance,Manufacturing,Male,Caucasian,55,7/19/2002,77396
E03799,Finance,Speciality Products,Female,Asian,63,12/31/1999,89523
E02633,Sales,Manufacturing,Female,Black,54,8/19/2000,222224
E02965,Finance,Research & Development,Male,Asian,43,4/17/2021,146140
E04345,Engineering,Speciality Products,Female,Caucasian,64,6/20/1994,109456
E01132,IT,Research & Development,Female,Caucasian,42,3/1/2006,97433
E02943,Marketing,Corporate,Female,Latino,32,11/12/2013,88895
E03461,Human Resources,Research & Development,Male,Asian,35,2/22/2011,43336
E03490,Human Resources,Corporate,Male,Latino,38,9/27/2009,127801
E04466,IT,Corporate,Male,Black,54,4/1/2000,76352
E03226,Finance,Corporate,Male,Caucasian,28,6/22/2019,250767
E04607,Marketing,Corporate,Male,Caucasian,26,9/27/2020,223055
E02190,Engineering,Manufacturing,Male,Caucasian,57,7/18/2018,71167
E00747,IT,Speciality Products,Female,Caucasian,59,4/4/2010,76027
E01416,Accounting,Manufacturing,Male,Black,30,10/20/2020,67753
E01524,IT,Corporate,Male,Black,31,10/13/2016,63744
E02801,Sales,Corporate,Male,Black,51,9/1/2000,157487
E01952,IT,Research & Development,Male,Asian,45,2/26/2010,90770
E00116,Sales,Speciality Products,Female,Asian,64,1/28/2005,55369
E00624,Accounting,Speciality Products,Male,Caucasian,41,6/4/2013,167526
E00218,Sales,Speciality Products,Male,Asian,47,11/22/2016,253249
E01070,IT,Corporate,Male,Caucasian,38,6/22/2016,249870
E04925,IT,Manufacturing,Female,Black,42,2/19/2011,72486
E00403,Human Resources,Manufacturing,Female,Latino,58,10/12/2010,43001
E00436,IT,Manufacturing,Male,Latino,60,8/3/1998,85120
E04358,Human Resources,Manufacturing,Male,Latino,34,8/3/2015,52200
E04662,Human Resources,Corporate,Female,Caucasian,60,10/18/2008,150855
E01496,IT,Manufacturing,Female,Latino,53,7/20/2004,65702
E03971,Marketing,Research & Development,Female,Asian,25,4/9/2020,157057
E03616,IT,Research & Development,Male,Caucasian,46,8/11/2021,127559
E00153,Engineering,Corporate,Female,Caucasian,39,3/12/2019,62644
E02960,Accounting,Manufacturing,Female,Caucasian,56,3/10/2018,90040
E02140,Human Resources,Speciality Products,Female,Asian,45,9/22/2021,201396
E03881,IT,Corporate,Male,Black,28,6/17/2019,65341
E02604,Finance,Corporate,Female,Black,59,10/27/2018,139208
E00864,Accounting,Speciality Products,Female,Latino,46,4/24/2010,102636
E03223,IT,Research & Development,Male,Caucasian,45,5/28/2018,49219
E00364,Human Resources,Manufacturing,Male,Caucasian,50,10/17/2021,172180
E03720,Finance,Corporate,Female,Caucasian,48,4/22/1999,102847
E03371,IT,Manufacturing,Male,Caucasian,56,5/29/2006,228822
E02531,Marketing,Manufacturing,Male,Caucasian,28,7/18/2021,43391
E02468,Marketing,Corporate,Female,Asian,45,2/28/2016,211637
E01499,IT,Manufacturing,Male,Caucasian,28,8/8/2020,73255
E03697,Sales,Corporate,Male,Caucasian,28,1/8/2021,108826
E00593,IT,Speciality Products,Male,Caucasian,34,5/24/2016,94352
E01103,IT,Research & Development,Female,Latino,55,8/30/1994,73955
E01958,IT,Manufacturing,Male,Asian,27,12/24/2020,92321
E01870,IT,Research & Development,Male,Caucasian,52,5/23/2013,99557
E01167,Engineering,Speciality Products,Female,Caucasian,28,11/14/2018,115854
E00099,IT,Manufacturing,Female,Latino,44,3/1/2011,82462
E00044,IT,Research & Development,Female,Caucasian,53,11/9/2011,198473
E00711,Finance,Corporate,Female,Asian,43,10/15/2006,153492
E04795,Human Resources,Corporate,Female,Black,28,1/21/2018,208210
E03912,Marketing,Corporate,Male,Caucasian,33,11/17/2015,91632
E04756,IT,Corporate,Male,Asian,55,12/24/1994,99774
E03305,Accounting,Speciality Products,Female,Caucasian,31,10/7/2014,114911
E00703,Engineering,Corporate,Male,Latino,45,4/27/2018,115490
E00103,Accounting,Speciality Products,Female,Asian,29,6/28/2017,197649
E01194,Finance,Speciality Products,Female,Caucasian,52,12/20/2019,61026
E02179,Engineering,Speciality Products,Female,Caucasian,48,9/25/2014,96693
E04242,Engineering,Speciality Products,Female,Latino,48,6/27/2009,82907
E03065,Engineering,Research & Development,Male,Latino,41,1/21/2012,94658
E03097,Human Resources,Manufacturing,Male,Black,45,12/19/2015,51983
E02088,Finance,Corporate,Female,Latino,55,2/6/2017,144986
E03980,Sales,Speciality Products,Female,Asian,45,8/16/2000,60113
E00824,Marketing,Manufacturing,Female,Caucasian,33,3/14/2020,68846
E04359,IT,Corporate,Female,Latino,59,3/19/2014,90901
E03113,Accounting,Corporate,Female,Asian,50,9/3/2012,102033
E01488,Sales,Manufacturing,Female,Caucasian,61,1/23/2021,151783
E01787,Engineering,Corporate,Female,Latino,27,12/7/2018,170164
E03550,Marketing,Speciality Products,Female,Asian,35,2/20/2014,155905
E01052,Sales,Corporate,Male,Asian,40,12/17/2016,50733
E04799,Human Resources,Corporate,Female,Caucasian,30,1/26/2017,88663
E04128,Sales,Speciality Products,Male,Asian,55,8/2/2021,67130
E00013,Finance,Speciality Products,Female,Asian,33,10/8/2015,94876
E03114,Engineering,Speciality Products,Male,Latino,62,10/9/1994,98230
E04004,Engineering,Research & Development,Female,Asian,36,12/14/2018,96757
E04472,Marketing,Manufacturing,Male,Black,35,7/3/2020,51513
E00161,Marketing,Corporate,Male,Asian,60,1/27/2007,234311
E04417,Human Resources,Speciality Products,Female,Latino,45,5/22/2011,152353
E04536,Accounting,Speciality Products,Female,Caucasian,48,7/30/2010,124774
E02857,Finance,Speciality Products,Male,Latino,44,8/8/2019,130133
E02856,Engineering,Research & Development,Female,Asian,30,11/14/2015,77442
E00319,IT,Manufacturing,Male,Caucasian,55,10/18/2013,70334
E01090,Engineering,Research & Development,Male,Asian,59,12/23/2009,78006
E04323,IT,Manufacturing,Female,Latino,28,1/25/2021,160385
E02687,Finance,Corporate,Female,Caucasian,36,1/11/2014,202323
E02748,Finance,Speciality Products,Female,Asian,34,7/20/2020,184960
E01995,IT,Manufacturing,Male,Asian,37,6/25/2011,221592
E01714,Human Resources,Manufacturing,Female,Asian,44,1/28/2009,53301
E04491,IT,Corporate,Male,Asian,45,3/2/2000,91276
E01076,Human Resources,Research & Development,Female,Asian,52,9/5/2017,140042
E04131,Accounting,Manufacturing,Female,Asian,40,12/6/2018,57225
E02843,Human Resources,Speciality Products,Female,Latino,55,2/24/2010,102839
E03758,Marketing,Research & Development,Male,Asian,29,9/15/2021,199783
E00638,Marketing,Corporate,Male,Caucasian,51,1/26/1997,104431
E03571,Human Resources,Speciality Products,Male,Caucasian,28,6/27/2021,48510
E01820,Engineering,Speciality Products,Male,Black,27,5/28/2019,70110
E02706,Finance,Research & Development,Female,Latino,45,1/10/2016,149761
E02478,Sales,Speciality Products,Male,Caucasian,33,6/21/2013,119631
E04170,IT,Research & Development,Male,Asian,26,5/9/2020,256561
E00929,IT,Speciality Products,Female,Latino,45,4/16/2020,66958
E03824,IT,Corporate,Male,Caucasian,37,2/15/2008,71695
E02857,Sales,Speciality Products,Female,Caucasian,33,4/13/2014,46878
E04938,Marketing,Speciality Products,Female,Caucasian,64,2/10/2003,57032
E01639,Finance,Manufacturing,Female,Caucasian,55,4/16/2021,48266
E03947,Finance,Research & Development,Male,Latino,36,8/18/2018,223404
E04535,IT,Speciality Products,Female,Asian,57,1/10/2014,74854
E00380,Accounting,Speciality Products,Female,Caucasian,48,4/25/2007,217783
E02628,Finance,Manufacturing,Female,Caucasian,41,1/9/2007,50685
E03578,Sales,Research & Development,Male,Asian,34,3/10/2018,58993
E03563,Engineering,Corporate,Male,Caucasian,47,6/8/2020,115765
E02781,Accounting,Manufacturing,Female,Asian,63,3/6/2007,193044
E04739,Marketing,Research & Development,Female,Black,65,6/17/2011,56686
E02665,Finance,Manufacturing,Female,Black,33,10/25/2019,131652
E04132,Marketing,Manufacturing,Female,Black,45,2/29/2008,150577
E03890,IT,Manufacturing,Male,Asian,43,1/18/2017,86417
E02012,IT,Research & Development,Female,Asian,65,5/8/2003,96548
E03750,Accounting,Speciality Products,Male,Asian,28,8/24/2018,61410
E00605,Finance,Speciality Products,Female,Black,61,4/25/2010,110302
E04641,Engineering,Speciality Products,Female,Black,45,4/22/2018,187205
E01019,Sales,Corporate,Male,Caucasian,45,3/16/2011,81687
E01519,IT,Speciality Products,Male,Latino,54,8/15/2009,241083
E03694,Finance,Speciality Products,Female,Black,38,11/9/2018,223805
E01123,Accounting,Corporate,Female,Caucasian,27,7/16/2021,161759
E01366,IT,Research & Development,Male,Black,40,2/24/2019,95899
E04005,Finance,Corporate,Male,Asian,49,6/7/2019,80700
E04018,Marketing,Corporate,Female,Caucasian,39,4/18/2017,58745
E01591,IT,Corporate,Female,Asian,57,5/4/1992,76202
E04940,Sales,Speciality Products,Male,Black,36,3/19/2018,195200
E03870,IT,Manufacturing,Female,Caucasian,30,2/3/2020,94652
E01927,IT,Manufacturing,Male,Black,34,2/16/2016,63411
E03984,Engineering,Manufacturing,Female,Black,55,3/21/2021,95562
E00446,Sales,Research & Development,Male,Caucasian,30,11/4/2019,96092
E02825,Engineering,Manufacturing,Male,Asian,63,6/3/2013,254289
E04174,IT,Research & Development,Male,Caucasian,26,7/10/2019,69110
E01899,Marketing,Speciality Products,Male,Caucasian,52,6/11/2002,236314
E02562,Marketing,Corporate,Male,Latino,51,6/19/2007,45206
E01006,Finance,Research & Development,Female,Asian,25,11/15/2021,210708
E02903,IT,Corporate,Male,Latino,40,9/26/2021,87770
E03642,Accounting,Corporate,Female,Caucasian,38,8/12/2015,106858
E02884,Human Resources,Corporate,Male,Caucasian,60,4/14/2015,155788
E04720,Engineering,Corporate,Male,Asian,28,12/18/2021,95670
E01985,Sales,Research & Development,Female,Black,65,9/29/2000,67837
E02415,Sales,Corporate,Female,Latino,52,10/16/1994,93103
E02877,Engineering,Corporate,Female,Caucasian,56,10/14/2015,76272
E00091,Finance,Manufacturing,Female,Asian,48,6/24/2003,55760
E02563,Accounting,Corporate,Female,Caucasian,36,1/13/2020,253294
E04221,Finance,Corporate,Male,Caucasian,60,8/16/2007,58671
E04887,Sales,Research & Development,Female,Asian,40,3/16/2018,55457
E03170,Sales,Manufacturing,Female,Asian,63,9/26/2017,72340
E01636,Marketing,Corporate,Female,Caucasian,29,11/2/2016,122054
E01363,IT,Corporate,Female,Caucasian,53,4/23/1997,78153
E02249,Finance,Manufacturing,Female,Caucasian,37,4/14/2020,103524
E02987,IT,Corporate,Male,Caucasian,30,8/5/2017,119906
E03655,Marketing,Speciality Products,Female,Caucasian,28,1/17/2020,45061
E04048,IT,Corporate,Male,Asian,51,1/17/2003,91399
E03626,IT,Research & Development,Male,Latino,28,9/28/2017,97336
E03694,Accounting,Corporate,Female,Black,31,1/20/2017,124629
E02920,Human Resources,Speciality Products,Female,Caucasian,28,7/25/2021,231850
E03220,Accounting,Research & Development,Male,Latino,34,6/4/2018,128329
E03968,Marketing,Manufacturing,Male,Asian,60,7/26/2021,121480
E04299,Human Resources,Speciality Products,Female,Caucasian,41,5/21/2010,153275
E01150,Sales,Research & Development,Female,Asian,62,5/18/2020,97830
E03774,Marketing,Corporate,Female,Latino,47,3/13/1999,239394
E01877,Accounting,Manufacturing,Female,Latino,33,5/27/2018,45049
E00440,Finance,Corporate,Female,Asian,54,9/5/2007,183239
E00145,Accounting,Manufacturing,Female,Caucasian,28,5/25/2019,45819
E04150,Accounting,Research & Development,Female,Asian,54,12/29/2006,55518
E04247,Marketing,Research & Development,Female,Black,55,12/20/1992,113950
E02613,Marketing,Speciality Products,Female,Asian,52,4/1/1998,182035
E03648,Sales,Corporate,Female,Black,26,8/21/2019,66084
E03981,Engineering,Research & Development,Female,Asian,63,5/7/2018,67987
E03262,Marketing,Manufacturing,Male,Caucasian,65,8/20/2005,59833
E02716,Marketing,Speciality Products,Male,Asian,45,4/11/2005,128468
E00245,Sales,Corporate,Male,Black,42,5/29/2011,102440
E04123,IT,Speciality Products,Male,Black,59,12/30/2010,246619
E03471,Human Resources,Corporate,Female,Latino,42,11/19/2017,101143
E01966,Engineering,Speciality Products,Male,Caucasian,45,11/21/2015,87292
E03694,IT,Corporate,Male,Caucasian,51,2/27/2014,53929
E04766,Accounting,Manufacturing,Female,Asian,38,12/13/2012,191571
E01465,Accounting,Corporate,Female,Caucasian,62,1/30/2009,150555
E04088,Finance,Research & Development,Male,Asian,52,5/26/1997,216999
E03227,IT,Speciality Products,Male,Caucasian,38,4/19/2015,48762
E00607,Marketing,Speciality Products,Male,Caucasian,32,11/28/2016,177443
E02258,IT,Research & Development,Female,Asian,36,4/29/2016,75862
E03681,Human Resources,Research & Development,Female,Asian,45,4/26/2019,90870
E02298,Engineering,Corporate,Female,Asian,32,12/4/2014,99202
E02440,IT,Corporate,Male,Caucasian,54,6/30/1992,63196
E03579,Marketing,Corporate,Male,Asian,45,9/24/2015,202680
E00170,Sales,Manufacturing,Female,Black,61,8/19/1997,159567
E00810,Human Resources,Corporate,Male,Latino,62,8/16/2002,234594
E02798,IT,Speciality Products,Male,Caucasian,48,2/11/2002,43080
E04542,Marketing,Manufacturing,Female,Latino,29,5/9/2021,129541
E02818,Sales,Research & Development,Male,Latino,39,12/27/2013,165756
E02907,Finance,Speciality Products,Male,Asian,44,4/6/2010,142878
E00023,Engineering,Manufacturing,Male,Caucasian,52,10/28/2006,187992
E01429,IT,Research & Development,Male,Caucasian,48,9/27/2006,76505
E01249,Accounting,Speciality Products,Male,Caucasian,41,8/17/2013,235619
E04732,IT,Research & Development,Male,Latino,48,7/27/2005,68987
E03834,Engineering,Speciality Products,Male,Caucasian,41,3/15/2007,155926
E02923,Accounting,Speciality Products,Male,Asian,54,5/4/2016,93668
E02642,Human Resources,Research & Development,Male,Caucasian,38,11/29/2019,69647
E00981,IT,Corporate,Male,Asian,57,6/26/2003,63318
E04547,IT,Research & Development,Female,Caucasian,49,3/5/2014,88777
E04484,Engineering,Research & Development,Female,Asian,45,4/23/2015,60017
E01209,Human Resources,Manufacturing,Male,Caucasian,64,12/26/1992,104668
E02024,Sales,Manufacturing,Female,Caucasian,53,8/5/2017,89769
E02427,Sales,Corporate,Female,Asian,27,9/15/2018,127616
E00276,Human Resources,Corporate,Male,Caucasian,45,7/9/2012,109883
E03248,IT,Speciality Products,Female,Caucasian,43,3/27/2015,120321
E04444,IT,Manufacturing,Female,Latino,61,8/10/2014,57446
E02307,Accounting,Research & Development,Female,Caucasian,42,6/4/2009,174099
E02375,Finance,Manufacturing,Male,Asian,63,2/8/2002,128703
E02276,Engineering,Corporate,Female,Caucasian,32,11/9/2015,65247
E00503,Human Resources,Research & Development,Female,Caucasian,33,6/11/2012,118253
E00676,Human Resources,Corporate,Male,Asian,41,2/6/2019,126950
E02005,IT,Manufacturing,Female,Asian,36,11/21/2014,97500
E00749,Sales,Manufacturing,Female,Asian,37,11/10/2015,64204
E01413,Sales,Speciality Products,Female,Black,60,7/30/1997,71677
E03928,IT,Speciality Products,Male,Asian,61,9/24/2000,40063
E04109,IT,Manufacturing,Female,Caucasian,55,4/30/2004,40124
E03994,Engineering,Manufacturing,Male,Asian,57,2/26/2018,103183
E00639,IT,Corporate,Male,Asian,54,6/15/1998,95239
E00608,Engineering,Manufacturing,Female,Asian,29,11/9/2019,75012
E02732,Marketing,Corporate,Female,Asian,39,7/29/2014,40897
E01286,Human Resources,Corporate,Male,Caucasian,46,2/20/2007,75579
E00412,Sales,Research & Development,Male,Caucasian,37,4/23/2010,57531
E01844,Finance,Research & Development,Male,Asian,46,4/24/2011,55894
E00667,Engineering,Manufacturing,Female,Asian,42,4/27/2012,72903
E00287,Finance,Speciality Products,Male,Caucasian,60,6/15/2010,106578
E02235,Human Resources,Research & Development,Female,Latino,52,9/13/1999,92994
E03583,IT,Research & Development,Male,Caucasian,48,9/14/2010,99335
E01188,Human Resources,Manufacturing,Male,Caucasian,42,4/18/2013,131179
E03289,Accounting,Manufacturing,Male,Asian,64,3/29/2013,252325
E01947,Finance,Research & Development,Female,Caucasian,30,3/5/2015,52697
E04249,Accounting,Corporate,Female,Asian,47,12/26/2021,243568
E01090,Sales,Research & Development,Male,Asian,49,7/20/2001,199176
E03830,IT,Speciality Products,Female,Asian,56,6/22/1996,82806
E04363,Marketing,Speciality Products,Female,Asian,53,6/20/1997,164399
E04920,Human Resources,Manufacturing,Female,Asian,32,4/14/2017,154956
E03866,Marketing,Manufacturing,Male,Asian,32,1/29/2017,143970
E04095,Accounting,Speciality Products,Female,Caucasian,38,7/24/2020,89390
E04079,IT,Manufacturing,Male,Caucasian,41,10/5/2017,67468
E02259,Finance,Manufacturing,Female,Asian,35,3/18/2019,74779
E04972,IT,Corporate,Female,Asian,29,11/9/2017,63985
E01834,IT,Manufacturing,Female,Caucasian,64,7/8/2004,77903
E03124,Marketing,Corporate,Male,Caucasian,33,6/12/2017,164396
E01898,IT,Corporate,Male,Asian,29,6/28/2021,71234
E03910,Human Resources,Speciality Products,Female,Asian,32,1/3/2017,101870
E01832,Finance,Manufacturing,Male,Asian,56,5/10/2006,41561
E02391,Sales,Manufacturing,Female,Latino,49,4/2/1996,157057
E04697,IT,Speciality Products,Female,Caucasian,61,2/9/2005,64462
E00371,Engineering,Corporate,Female,Caucasian,41,10/7/2005,79352
E02992,Marketing,Speciality Products,Female,Caucasian,55,3/27/2001,157812
E04369,Engineering,Corporate,Male,Caucasian,27,9/11/2018,80745
E00592,IT,Manufacturing,Female,Caucasian,57,2/18/1996,75354
E03532,Engineering,Research & Development,Male,Latino,56,9/20/2018,78938
E00863,Engineering,Corporate,Male,Latino,59,9/10/2008,96313
E03310,Engineering,Speciality Products,Male,Caucasian,45,11/29/2010,153767
E01883,Marketing,Research & Development,Female,Black,42,9/19/2015,103423
E00369,Human Resources,Speciality Products,Female,Black,33,8/21/2013,105390
E03278,IT,Speciality Products,Female,Caucasian,45,11/3/2017,66660
E02492,Human Resources,Speciality Products,Male,Latino,59,6/10/2015,101985
E03055,Finance,Corporate,Male,Latino,29,12/5/2018,199504
E00717,Accounting,Speciality Products,Male,Latino,62,2/17/2011,94422
E04637,Sales,Corporate,Male,Asian,31,6/29/2015,191026
E00340,Human Resources,Research & Development,Female,Caucasian,56,8/20/2009,52800
E04751,Engineering,Speciality Products,Male,Caucasian,54,12/5/2010,113982
E01111,Human Resources,Corporate,Male,Asian,45,5/7/2010,145093
E03149,IT,Speciality Products,Female,Caucasian,26,3/11/2021,74170
E00952,Engineering,Research & Development,Male,Caucasian,59,3/29/1996,62605
E04380,IT,Speciality Products,Female,Caucasian,51,3/13/2020,107195
E04095,Marketing,Speciality Products,Male,Caucasian,45,1/11/2018,127422
E04994,Accounting,Research & Development,Female,Caucasian,35,6/26/2017,161269
E03595,IT,Speciality Products,Male,Caucasian,61,8/26/2019,75780
E04464,Engineering,Research & Development,Male,Asian,60,2/15/2018,106079
E02135,IT,Corporate,Male,Latino,30,2/11/2017,92058
E01684,Engineering,Manufacturing,Male,Asian,64,3/3/2019,67114
E03362,Human Resources,Manufacturing,Female,Caucasian,61,5/20/2011,64937
E01108,Marketing,Manufacturing,Female,Latino,65,9/7/2006,127626
E02217,IT,Corporate,Male,Black,61,1/27/2004,88478
E03795,Sales,Speciality Products,Female,Black,30,8/13/2017,154624
E01582,Sales,Research & Development,Male,Caucasian,53,10/19/2014,159538
E04872,Marketing,Speciality Products,Male,Caucasian,25,8/15/2020,172007
E01337,Finance,Corporate,Male,Caucasian,41,5/15/2019,174415
E03637,Human Resources,Speciality Products,Male,Asian,25,1/21/2021,67299
E03455,IT,Research & Development,Female,Caucasian,52,2/23/2005,45286
E03354,Marketing,Research & Development,Male,Caucasian,48,8/8/2007,194723
E02274,IT,Manufacturing,Female,Caucasian,36,8/23/2010,61310
E00480,Human Resources,Speciality Products,Female,Asian,31,3/12/2018,47913
E00203,Human Resources,Speciality Products,Female,Asian,53,9/7/2017,46727
E00647,Human Resources,Speciality Products,Male,Asian,27,4/16/2021,133400
E03296,IT,Speciality Products,Female,Asian,39,4/22/2020,90535
E00647,Human Resources,Corporate,Female,Asian,44,2/23/2006,63705
E02522,Sales,Corporate,Male,Latino,48,2/28/2000,258081
E00459,Human Resources,Research & Development,Male,Black,48,9/21/2020,54654
E03007,Sales,Manufacturing,Male,Caucasian,54,9/24/1998,58006
E00952,Human Resources,Speciality Products,Female,Asian,38,5/30/2007,198562
E03863,Sales,Research & Development,Female,Black,40,5/27/2009,62411
E02710,Engineering,Research & Development,Male,Asian,57,1/9/1992,111299
E01895,Marketing,Research & Development,Female,Caucasian,43,7/13/2019,41545
E01339,IT,Manufacturing,Male,Latino,26,4/14/2019,74467
E02938,Accounting,Research & Development,Male,Caucasian,44,2/9/2002,117545
E03379,Human Resources,Speciality Products,Male,Asian,50,3/15/2012,117226
E02153,Accounting,Corporate,Female,Latino,26,1/24/2019,55767
E00994,Sales,Manufacturing,Female,Caucasian,29,11/17/2016,60930
E00869,IT,Manufacturing,Female,Asian,33,10/21/2017,69332
E00538,Sales,Corporate,Male,Asian,38,11/28/2011,74010
E01415,Sales,Speciality Products,Male,Caucasian,32,2/3/2020,96598
E00717,Sales,Speciality Products,Female,Asian,64,5/21/2003,106444
E00225,Finance,Corporate,Male,Latino,31,8/10/2017,156931
E04978,IT,Research & Development,Female,Caucasian,45,4/5/2009,64505
E00880,Human Resources,Speciality Products,Female,Black,25,3/17/2021,155080
E04335,Sales,Speciality Products,Male,Caucasian,31,8/13/2018,81828
E04089,IT,Manufacturing,Male,Asian,46,12/16/2017,136716
E02059,Sales,Speciality Products,Male,Latino,54,10/20/2011,122644
E03894,Sales,Research & Development,Female,Asian,50,5/7/2000,106428
E03106,Finance,Corporate,Male,Caucasian,36,1/17/2009,238236
E01350,Finance,Corporate,Female,Caucasian,64,12/21/2012,153253
E02900,Accounting,Manufacturing,Female,Caucasian,34,10/3/2014,103707
E02202,Accounting,Speciality Products,Female,Caucasian,41,8/9/2012,245360
E02696,Engineering,Speciality Products,Male,Asian,25,7/8/2021,67275
E01722,IT,Manufacturing,Male,Asian,45,1/22/2015,101288
E00640,IT,Manufacturing,Female,Black,37,4/27/2016,91400
E03412,Human Resources,Research & Development,Male,Black,42,10/20/2003,135558
E00646,Accounting,Speciality Products,Male,Caucasian,49,12/17/2011,56878
E03580,Sales,Manufacturing,Male,Latino,39,5/27/2007,51234
E00446,Human Resources,Speciality Products,Male,Asian,31,1/14/2015,230025
E01749,Accounting,Manufacturing,Male,Asian,29,8/20/2016,58703
E01338,Finance,Manufacturing,Male,Caucasian,32,4/15/2020,126671
E03000,Sales,Research & Development,Female,Asian,33,1/22/2021,56405
E02684,Finance,Manufacturing,Male,Latino,39,9/17/2008,62861
E03168,IT,Manufacturing,Female,Asian,53,4/12/1997,154388
E00758,Human Resources,Manufacturing,Female,Caucasian,54,9/26/1994,162978
E03691,IT,Speciality Products,Male,Latino,55,11/17/1993,80170
E01488,Accounting,Manufacturing,Female,Asian,44,4/28/2021,98520
E04415,Finance,Manufacturing,Male,Asian,52,12/29/1999,116527
E03278,Sales,Research & Development,Male,Asian,27,11/7/2019,174607
E00282,Accounting,Research & Development,Male,Latino,58,4/12/2006,64202
E00559,IT,Speciality Products,Female,Latino,36,11/3/2016,94618
E02558,Marketing,Research & Development,Male,Caucasian,26,10/15/2019,151556
E00956,Engineering,Research & Development,Female,Asian,37,3/8/2020,80659
E00126,IT,Research & Development,Female,Caucasian,58,4/26/2016,72045
E00481,IT,Research & Development,Male,Caucasian,61,3/8/2016,96566
E02833,IT,Research & Development,Male,Latino,45,8/23/2001,54994
E03902,IT,Corporate,Female,Caucasian,40,2/5/2012,61523
E02310,Human Resources,Corporate,Male,Black,45,12/12/2010,190512
E00836,Accounting,Manufacturing,Male,Caucasian,57,1/19/2019,101577
E00682,Accounting,Manufacturing,Female,Latino,44,10/17/2005,105223
E00287,IT,Corporate,Male,Latino,48,7/6/2008,94815
E04598,Marketing,Speciality Products,Female,Latino,35,1/10/2017,80622
E03247,IT,Speciality Products,Female,Asian,57,11/11/2016,246589
E00156,IT,Research & Development,Female,Caucasian,46,1/9/2002,148035
E03349,Finance,Corporate,Male,Asian,60,6/5/2017,158898
E00005,Sales,Speciality Products,Female,Caucasian,39,4/29/2007,171487
E04354,Sales,Manufacturing,Female,Latino,43,8/21/2016,258498
E01578,IT,Research & Development,Male,Asian,37,11/29/2010,146961
E03058,IT,Manufacturing,Male,Caucasian,30,6/14/2015,67489
E04762,IT,Manufacturing,Female,Caucasian,46,10/6/2018,166259
E01148,IT,Corporate,Female,Asian,55,1/7/2009,47032
E03094,Marketing,Speciality Products,Male,Caucasian,33,9/18/2016,98427
E04398,Marketing,Speciality Products,Male,Asian,31,6/10/2019,176710
E03545,Accounting,Corporate,Female,Asian,63,7/26/2020,216195
E04105,IT,Manufacturing,Male,Asian,59,11/29/1997,99975
E00644,Sales,Corporate,Male,Asian,57,1/24/2017,50994
E04239,Finance,Research & Development,Female,Asian,51,6/10/2021,146742
E04625,Sales,Research & Development,Male,Asian,45,7/9/2002,166331
E02071,Sales,Speciality Products,Male,Asian,44,3/2/2014,207172
E03343,Engineering,Speciality Products,Male,Asian,64,12/4/1996,99354
E00304,IT,Corporate,Male,Asian,63,5/11/2012,231141
E03549,Sales,Speciality Products,Male,Asian,30,9/29/2016,59100
E04152,Engineering,Manufacturing,Female,Asian,34,12/16/2019,99989
E01754,Human Resources,Speciality Products,Male,Asian,30,5/29/2017,86317
E04600,Sales,Speciality Products,Male,Asian,37,11/14/2013,56037
E02862,IT,Manufacturing,Female,Asian,25,7/2/2021,125633
E00716,Marketing,Research & Development,Male,Asian,45,3/11/2021,135062
E04474,Engineering,Research & Development,Female,Asian,30,5/22/2017,86858
E03417,IT,Manufacturing,Male,Asian,40,7/2/2007,93971
E01516,Human Resources,Manufacturing,Female,Asian,45,12/17/2003,48345
E01234,Human Resources,Manufacturing,Male,Asian,42,1/16/2014,152214
E00440,Marketing,Research & Development,Male,Asian,27,9/25/2018,114441
E00595,Finance,Speciality Products,Female,Asian,33,4/21/2018,140402
E04568,Finance,Speciality Products,Female,Asian,54,7/10/2011,247022
E00443,IT,Research & Development,Male,Asian,28,5/26/2020,67925
E03816,Human Resources,Corporate,Female,Asian,27,2/23/2021,199041
E03047,Sales,Corporate,Female,Asian,41,2/15/2005,95372
E04903,IT,Research & Development,Female,Asian,29,8/9/2020,161203
E02872,Finance,Corporate,Male,Asian,39,1/14/2010,103504
E00013,Finance,Corporate,Female,Asian,52,2/19/2019,55859
E04769,Marketing,Corporate,Female,Asian,39,11/5/2007,99017
E00527,Engineering,Speciality Products,Male,Asian,27,4/16/2020,71864
E01095,Finance,Corporate,Female,Asian,37,12/6/2011,225558
E03849,Sales,Research & Development,Female,Asian,30,2/14/2021,48340
E03737,Human Resources,Manufacturing,Female,Asian,49,2/28/2003,211291
E02939,Engineering,Speciality Products,Male,Asian,61,11/22/2002,80950
E02706,Engineering,Research & Development,Female,Asian,46,1/10/2021,86538
E00130,Human Resources,Corporate,Female,Asian,61,3/10/2017,196951
E02094,IT,Speciality Products,Male,Asian,45,9/18/2005,67686
E04682,Human Resources,Manufacturing,Male,Asian,55,11/16/1995,125936
E01499,IT,Research & Development,Male,Asian,54,7/13/2013,83639
E04449,Finance,Research & Development,Male,Asian,55,3/16/2014,74552
E02283,IT,Manufacturing,Male,Asian,33,7/24/2020,69453
E03394,Marketing,Speciality Products,Male,Asian,40,2/28/2009,242919
E04618,IT,Research & Development,Male,Asian,46,10/26/2021,94790
E01546,Finance,Speciality Products,Female,Asian,43,7/31/2005,249686
E01631,Marketing,Speciality Products,Female,Asian,47,7/12/2017,70996
E03269,IT,Manufacturing,Female,Asian,50,1/23/2001,97537
E01037,IT,Research & Development,Male,Asian,31,9/12/2020,96567
E00671,IT,Speciality Products,Male,Asian,47,3/10/1999,49404
E03560,Sales,Manufacturing,Female,Asian,46,3/20/2004,73004
E00769,Engineering,Corporate,Male,Asian,57,4/25/1999,95061
E01002,Sales,Corporate,Male,Asian,28,3/19/2021,127543
E00752,Sales,Manufacturing,Female,Asian,36,2/22/2014,218530
E02761,Human Resources,Research & Development,Male,Asian,48,6/30/2004,120660
E01986,IT,Corporate,Male,Asian,51,2/23/1994,122802
E01484,IT,Manufacturing,Female,Asian,48,8/22/2003,82017
E04802,Sales,Corporate,Female,Asian,40,1/20/2011,96719
E03252,Finance,Manufacturing,Male,Asian,64,7/20/1998,122753
E03547,Accounting,Corporate,Male,Asian,28,5/12/2017,52069
E01687,Human Resources,Research & Development,Male,Asian,41,10/24/2007,51630
E04890,Accounting,Manufacturing,Female,Asian,49,4/2/2001,129124
E04112,IT,Research & Development,Male,Asian,43,5/4/2018,59888
E01403,IT,Research & Development,Male,Asian,40,11/8/2020,234469
E04136,Finance,Corporate,Male,Asian,52,9/14/2017,74449
E02944,Engineering,Speciality Products,Male,Asian,47,6/11/2012,222941
E03300,Marketing,Manufacturing,Female,Asian,65,9/26/2013,50341
E02252,Marketing,Research & Development,Female,Asian,40,2/24/2021,46833
E03096,Finance,Research & Development,Female,Asian,63,10/27/2000,155320
E04800,Accounting,Manufacturing,Male,Asian,40,1/15/2016,89984
E02838,Engineering,Speciality Products,Female,Asian,65,3/16/2006,83756
E02980,Human Resources,Corporate,Female,Asian,57,10/24/2016,176324
E01638,IT,Corporate,Female,Asian,45,8/28/2010,82162
E03419,Sales,Speciality Products,Female,Asian,47,7/10/2015,63880
E02038,Marketing,Corporate,Female,Asian,59,8/29/2008,157969
E01116,Sales,Manufacturing,Male,Asian,45,9/7/2007,151027
E00365,Marketing,Corporate,Male,Asian,28,2/2/2020,115417
E04567,IT,Research & Development,Female,Asian,28,10/25/2019,50111
E03167,Human Resources,Speciality Products,Male,Asian,39,11/28/2006,161690
E03347,Engineering,Speciality Products,Female,Asian,35,2/10/2017,60132
E04816,IT,Speciality Products,Male,Asian,31,2/14/2017,95963
E00432,Human Resources,Research & Development,Male,Asian,37,5/19/2012,160280
E02770,IT,Manufacturing,Female,Asian,30,3/29/2019,86774
E01977,Finance,Corporate,Female,Asian,48,9/10/2001,125730
E00207,Human Resources,Manufacturing,Female,Asian,52,7/23/2012,187048
E02652,Accounting,Speciality Products,Male,Asian,63,7/29/2015,103724
E02971,IT,Corporate,Female,Asian,45,8/25/2013,99169
E03327,Accounting,Research & Development,Female,Asian,55,6/20/2006,142628
E03854,IT,Research & Development,Female,Asian,60,7/24/2010,126911
E04729,Sales,Research & Development,Male,Asian,56,2/25/2004,216949
E00181,Marketing,Corporate,Female,Asian,46,1/15/2002,86510
E03090,IT,Speciality Products,Female,Asian,49,9/10/2010,72826
E00500,Accounting,Manufacturing,Male,Asian,55,6/11/2010,187389
E02728,Accounting,Research & Development,Male,Asian,34,7/26/2011,97231
E01014,Marketing,Research & Development,Male,Asian,49,2/19/1999,191807
E04529,IT,Speciality Products,Male,Asian,42,6/23/2014,64677
E00632,IT,Research & Development,Male,Asian,37,7/6/2017,96331
E03429,Marketing,Manufacturing,Male,Asian,51,4/14/2012,82300
E04962,Engineering,Manufacturing,Female,Asian,50,10/13/2008,181801
E03893,Engineering,Manufacturing,Female,Asian,55,9/2/2018,221465
E03277,Marketing,Speciality Products,Female,Asian,31,8/18/2019,126353
E04194,Accounting,Speciality Products,Female,Asian,55,10/17/2010,188727
E04041,IT,Speciality Products,Female,Asian,39,11/18/2020,48415
E01052,Marketing,Research & Development,Male,Asian,45,5/3/2001,147752
E04165,Marketing,Manufacturing,Female,Asian,25,9/14/2021,136810
E00650,Human Resources,Research & Development,Female,Asian,45,8/17/2000,55563
E00344,IT,Research & Development,Female,Asian,52,2/14/1996,159724
E00965,IT,Speciality Products,Male,Asian,53,2/9/2008,84193
E03058,IT,Research & Development,Male,Asian,35,6/11/2015,234723
E02337,Accounting,Corporate,Female,Asian,27,8/24/2019,50809
E04538,IT,Corporate,Female,Asian,53,7/20/2011,86173
E00758,Sales,Manufacturing,Male,Asian,35,8/30/2013,59646
E03750,Engineering,Speciality Products,Male,Asian,64,8/29/1995,158787
E00144,Engineering,Research & Development,Male,Asian,55,4/29/2018,83378
E03901,Marketing,Corporate,Male,Asian,45,12/11/2004,168846
E03849,Engineering,Manufacturing,Female,Asian,50,7/9/2002,92209
E04784,IT,Research & Development,Male,Asian,37,2/5/2016,80055
E02185,Human Resources,Research & Development,Female,Asian,60,11/11/2005,78388
E03807,Marketing,Manufacturing,Male,Asian,63,3/1/2015,148321
E00784,IT,Corporate,Female,Asian,60,2/10/2004,90258
E00325,Marketing,Research & Development,Male,Asian,39,12/5/2019,254057
E01870,Finance,Corporate,Male,Asian,58,10/12/2007,162038
E02313,IT,Manufacturing,Male,Asian,50,3/6/2001,73907
E00826,Accounting,Corporate,Female,Asian,55,12/22/2011,54733
E02613,Sales,Speciality Products,Male,Asian,63,3/12/2018,73200
E01262,Finance,Manufacturing,Male,Asian,50,5/19/2018,106437
E02977,Marketing,Manufacturing,Male,Asian,52,5/23/1999,68807
E02473,Engineering,Speciality Products,Male,Asian,29,11/15/2021,91782
E02103,Human Resources,Corporate,Male,Asian,31,9/24/2017,71755
E04213,Accounting,Corporate,Female,Asian,52,11/19/2021,111006
E04114,IT,Research & Development,Male,Asian,55,3/13/2007,184648
E03181,Engineering,Manufacturing,Male,Asian,60,5/11/2009,62239
E04403,Accounting,Speciality Products,Male,Asian,34,2/13/2012,118708
E04487,Accounting,Speciality Products,Female,Asian,45,6/17/2020,89841
E01371,Marketing,Corporate,Male,Asian,41,10/4/2014,257194
E01377,Engineering,Research & Development,Male,Asian,55,4/30/2011,89419
E01668,Finance,Corporate,Female,Asian,53,2/17/2002,179494
E03402,Engineering,Manufacturing,Male,Asian,60,10/13/1992,88213
E02534,Marketing,Corporate,Female,Asian,36,9/13/2010,157070
E03059,Marketing,Manufacturing,Female,Asian,64,9/21/2019,108780
E02477,Engineering,Speciality Products,Female,Asian,46,10/21/2020,151853
E00022,Sales,Manufacturing,Female,Asian,62,9/17/2006,64669
E00555,Marketing,Research & Development,Male,Asian,65,10/17/2001,74631
E03919,Engineering,Speciality Products,Male,Asian,46,10/20/2011,114250
E04087,IT,Corporate,Male,Asian,60,1/29/2000,109059
E01712,Marketing,Corporate,Male,Asian,45,3/12/2008,186138
E00530,Sales,Manufacturing,Female,Asian,46,2/29/2004,158897
E02492,Marketing,Corporate,Male,Asian,40,9/22/2014,73779
E01733,Sales,Speciality Products,Female,Asian,45,10/20/2011,123640
E02420,Marketing,Manufacturing,Female,Asian,35,3/6/2017,171426
E04277,Sales,Speciality Products,Female,Asian,60,1/8/2014,51877
E02881,Accounting,Manufacturing,Female,Asian,43,1/23/2014,92940
E02770,Human Resources,Speciality Products,Male,Asian,54,3/11/1997,128136
E03465,Finance,Manufacturing,Female,Asian,45,12/7/2016,71454
E03064,Sales,Speciality Products,Male,Asian,31,2/17/2020,67171
E03273,Sales,Research & Development,Male,Asian,41,6/4/2010,72425
E01387,IT,Manufacturing,Female,Asian,27,1/3/2018,167100
E01638,Finance,Speciality Products,Female,Asian,62,9/20/2002,49738
E01193,Finance,Research & Development,Female,Asian,27,5/26/2020,153628
E01789,Sales,Manufacturing,Male,Asian,25,6/15/2021,142731
E02846,Marketing,Manufacturing,Female,Asian,50,3/11/2012,108134
E03349,Accounting,Speciality Products,Male,Asian,35,8/16/2017,181356
E03683,Marketing,Speciality Products,Female,Asian,28,12/11/2019,182321
E00206,Finance,Corporate,Male,Asian,52,10/5/2009,122890
E02066,Human Resources,Corporate,Male,Asian,48,7/16/2015,110565
E03364,Engineering,Speciality Products,Female,Asian,51,2/11/2017,87036
E02984,Marketing,Corporate,Male,Asian,45,9/22/2007,92293
E04699,Engineering,Speciality Products,Female,Asian,48,5/3/2012,65340
E04969,Engineering,Research & Development,Female,Asian,40,9/9/2016,109680
E04157,Marketing,Manufacturing,Male,Asian,63,2/12/2017,77629
E03528,Human Resources,Manufacturing,Male,Asian,62,11/22/2017,138808
E04415,Accounting,Corporate,Female,Asian,60,5/14/2004,186378
E01268,Human Resources,Manufacturing,Female,Asian,63,5/2/2007,72805
E04853,Sales,Research & Development,Female,Asian,46,1/17/2021,72131
E00951,Human Resources,Manufacturing,Female,Asian,25,3/15/2021,47974
E01706,Engineering,Manufacturing,Female,Asian,45,3/11/2004,109422
E01895,IT,Manufacturing,Male,Asian,25,1/17/2021,41844
E01396,Accounting,Research & Development,Male,Asian,43,2/10/2014,58875
E01941,Sales,Corporate,Female,Asian,42,5/9/2010,67743
E04189,IT,Manufacturing,Female,Asian,33,6/29/2014,96366
E00324,Finance,Research & Development,Female,Asian,37,8/23/2016,124928
E02033,Finance,Research & Development,Female,Asian,25,4/17/2021,186870
E02639,Finance,Corporate,Male,Asian,37,11/9/2015,45369
E02720,Sales,Speciality Products,Male,Asian,59,3/13/1997,83685
E02428,IT,Speciality Products,Male,Asian,35,5/3/2016,73899
E00342,Finance,Corporate,Male,Asian,63,4/19/2004,122487
E02576,IT,Research & Development,Female,Asian,55,2/8/2005,115145
E01755,Finance,Speciality Products,Female,Asian,37,4/24/2011,131183
E00465,IT,Manufacturing,Female,Asian,45,7/8/2002,92655
E01242,Engineering,Corporate,Female,Asian,25,6/23/2021,86464
E03332,IT,Manufacturing,Female,Asian,50,9/6/2021,83418
E01388,Human Resources,Speciality Products,Male,Asian,58,6/20/2014,41728
E04636,Sales,Research & Development,Female,Asian,54,3/16/2021,56239
E02938,Marketing,Corporate,Male,Asian,49,6/26/2014,153961
E00555,IT,Speciality Products,Female,Asian,45,12/18/2006,68337
E00089,Human Resources,Research & Development,Female,Asian,37,1/17/2011,131353
E02035,IT,Manufacturing,Male,Asian,45,3/16/2010,88182
E03611,Sales,Research & Development,Female,Asian,45,4/2/2019,52621
E03519,IT,Speciality Products,Female,Asian,48,4/20/2014,91679
E01967,Sales,Corporate,Male,Asian,58,3/19/1992,199848
E01125,IT,Manufacturing,Male,Asian,34,11/10/2018,61944
E00508,Accounting,Research & Development,Male,Asian,50,10/23/2009,79447
E01225,Sales,Research & Development,Male,Asian,49,8/10/2012,109850
E02848,IT,Research & Development,Male,Asian,55,11/9/2016,87851
E02453,Marketing,Speciality Products,Male,Asian,55,7/11/2006,93343
E04035,Finance,Manufacturing,Female,Asian,42,3/18/2011,150034
E03457,Engineering,Research & Development,Female,Asian,59,4/9/2001,119699
E01300,Marketing,Corporate,Female,Asian,65,10/24/2000,149417
E04670,IT,Speciality Products,Male,Asian,34,9/20/2019,94735
E02363,Human Resources,Speciality Products,Female,Asian,36,3/11/2010,134006
E03718,Finance,Corporate,Female,Asian,61,10/6/2009,103096
E01611,IT,Speciality Products,Female,Asian,36,11/29/2014,88730
E03305,Accounting,Corporate,Male,Asian,49,7/25/2019,50883
E03858,Human Resources,Speciality Products,Male,Asian,47,11/3/2019,195385
E03778,Marketing,Speciality Products,Male,Asian,52,6/4/2018,154884
E02661,Engineering,Speciality Products,Female,Asian,37,2/13/2013,124827
E00785,Accounting,Speciality Products,Female,Asian,25,12/15/2021,114893
E02703,Marketing,Speciality Products,Male,Asian,49,5/20/2018,119397
E02191,Sales,Corporate,Female,Asian,25,12/19/2021,150666
E04032,Engineering,Corporate,Female,Asian,45,2/28/2012,89659
E01909,Finance,Speciality Products,Female,Asian,44,5/31/2010,47387
E02521,Finance,Speciality Products,Female,Asian,33,1/28/2012,95960
E03680,IT,Manufacturing,Male,Latino,56,1/9/2012,146140
E03484,IT,Research & Development,Male,Latino,59,5/24/2002,172787
E04545,Engineering,Corporate,Female,Latino,56,2/5/2005,98581
E00402,Finance,Manufacturing,Male,Latino,65,5/16/2004,55499
E01417,IT,Corporate,Female,Latino,57,1/3/1994,82872
E00699,IT,Corporate,Female,Latino,55,8/16/2006,159044
E00502,Accounting,Manufacturing,Female,Latino,44,1/2/2019,74691
E00105,Accounting,Speciality Products,Female,Latino,38,11/16/2021,109812
E00791,Marketing,Research & Development,Male,Latino,57,7/26/2003,206624
E01540,IT,Manufacturing,Male,Latino,36,12/23/2010,53215
E00416,Engineering,Research & Development,Female,Latino,30,5/22/2016,189702
E03440,IT,Corporate,Female,Latino,41,4/28/2009,69803
E00431,IT,Corporate,Female,Latino,48,7/4/2019,76588
E00972,Finance,Corporate,Female,Latino,26,4/23/2019,59817
E04931,IT,Manufacturing,Female,Latino,32,10/5/2021,88072
E04379,Finance,Manufacturing,Female,Latino,60,2/24/2007,71699
E01713,Engineering,Speciality Products,Male,Latino,46,6/20/1999,96997
E02464,Engineering,Corporate,Female,Latino,28,7/6/2017,240488
E02783,Sales,Research & Development,Male,Latino,39,8/23/2011,249506
E03717,Engineering,Manufacturing,Male,Latino,45,2/26/2002,75819
E02254,Sales,Speciality Products,Male,Latino,61,5/3/2017,90855
E04504,IT,Manufacturing,Male,Latino,47,3/14/1999,92897
E00672,Human Resources,Manufacturing,Female,Latino,45,12/21/2007,93840
E02216,IT,Research & Development,Male,Latino,29,10/15/2019,66819
E02803,Marketing,Speciality Products,Male,Latino,38,5/2/2016,50784
E01584,Human Resources,Research & Development,Male,Latino,29,5/9/2019,125828
E03520,Marketing,Manufacturing,Male,Latino,30,6/21/2018,56154
E00725,Sales,Speciality Products,Female,Latino,45,5/10/2014,65047
E01409,Engineering,Manufacturing,Male,Latino,40,2/28/2008,113987
E03904,Finance,Corporate,Male,Latino,46,1/20/2013,86061
E04742,Accounting,Corporate,Female,Latino,33,12/16/2020,258426
E02844,Sales,Corporate,Male,Latino,55,11/16/2013,124129
E00119,Engineering,Research & Development,Male,Latino,31,8/26/2020,189290
E02810,Finance,Manufacturing,Female,Latino,37,2/24/2013,157474
E00842,Finance,Corporate,Male,Latino,50,1/18/2004,247939
E01271,Engineering,Speciality Products,Male,Latino,64,8/25/2017,169509
E03664,Engineering,Speciality Products,Female,Latino,45,3/14/2014,113873
E04167,Human Resources,Manufacturing,Male,Latino,48,4/12/2005,87158
E04103,Finance,Corporate,Female,Latino,27,12/15/2021,255369
E01525,IT,Manufacturing,Female,Latino,32,10/2/2017,61886
E02555,Accounting,Manufacturing,Male,Latino,38,7/5/2008,78056
E02062,Accounting,Research & Development,Female,Latino,55,6/26/1996,48687
E00034,Marketing,Manufacturing,Female,Latino,45,8/19/2004,121065
E03438,Engineering,Research & Development,Male,Latino,52,7/10/2020,88272
E00078,Human Resources,Corporate,Female,Latino,31,4/11/2021,72235
E04037,Finance,Research & Development,Male,Latino,31,9/19/2015,145846
E04029,Human Resources,Corporate,Male,Latino,46,9/24/2011,102167
E02147,Finance,Speciality Products,Female,Latino,55,4/29/2010,111038
E03972,Accounting,Research & Development,Male,Latino,58,9/15/1994,98769
E02189,Sales,Research & Development,Female,Latino,29,5/19/2018,65334
E01924,Engineering,Research & Development,Female,Latino,59,4/15/2003,150699
E00788,Sales,Manufacturing,Female,Latino,56,6/15/1992,59591
E02693,Engineering,Research & Development,Female,Latino,37,3/21/2008,156277
E03359,Engineering,Research & Development,Female,Latino,30,12/17/2017,87744
E00900,Marketing,Manufacturing,Female,Latino,33,4/27/2014,75869
E02284,Engineering,Speciality Products,Female,Latino,36,3/14/2016,85870
E04168,Sales,Speciality Products,Female,Latino,38,9/21/2017,119647
E01241,IT,Research & Development,Female,Latino,49,1/14/2004,125086
E03802,Engineering,Corporate,Male,Latino,46,7/19/2014,173629
E02632,Accounting,Corporate,Female,Latino,56,4/13/1995,50857
E02730,Engineering,Corporate,Male,Latino,46,4/22/2005,96639
E02895,Finance,Research & Development,Female,Latino,65,10/7/2008,170221
E02678,Engineering,Corporate,Male,Latino,45,4/13/2007,189680
E00268,Engineering,Corporate,Male,Latino,48,12/10/2019,183113
E04155,Marketing,Research & Development,Male,Latino,42,4/7/2015,99697
E04811,Engineering,Speciality Products,Female,Latino,59,9/16/2014,69578
E03404,Engineering,Speciality Products,Female,Latino,42,2/5/2021,65507
E01845,Finance,Research & Development,Male,Latino,54,4/28/1998,108268
E00145,Sales,Research & Development,Male,Latino,58,4/27/2009,76802
E04448,Finance,Corporate,Male,Latino,34,9/4/2014,95499
E04817,Accounting,Research & Development,Female,Latino,53,12/23/2004,90212
E00096,Engineering,Manufacturing,Female,Latino,30,5/26/2016,91134
E01760,Sales,Speciality Products,Female,Latino,26,2/9/2021,87427
E01075,Finance,Manufacturing,Male,Latino,46,5/5/2015,64364
E04108,Sales,Manufacturing,Female,Latino,33,5/14/2012,88343
E02917,IT,Speciality Products,Male,Latino,57,7/10/2014,66649
E03393,Finance,Manufacturing,Male,Latino,46,7/19/2010,134881
E03889,Human Resources,Manufacturing,Male,Latino,34,8/13/2013,113909
E01423,IT,Manufacturing,Male,Latino,51,7/19/2001,247874
E03354,IT,Corporate,Male,Latino,49,6/24/2016,68426
E00972,Human Resources,Research & Development,Female,Latino,52,4/18/2021,50548
E03370,Marketing,Research & Development,Male,Latino,61,4/30/2008,69352
E03160,Engineering,Speciality Products,Male,Latino,54,4/29/2012,96441
E01724,IT,Corporate,Male,Latino,36,12/27/2020,70165
E03805,Sales,Corporate,Female,Latino,34,6/6/2012,72126
E01407,Human Resources,Corporate,Female,Latino,29,7/13/2020,141555
E02063,Human Resources,Research & Development,Male,Latino,32,4/9/2021,70980
E00184,Accounting,Manufacturing,Male,Latino,58,4/19/2010,56350
E02899,Finance,Corporate,Male,Latino,44,8/11/2007,126277
E04952,Sales,Manufacturing,Female,Latino,57,10/2/2007,98150
E01432,IT,Manufacturing,Female,Latino,53,8/15/2004,44735
E00276,Engineering,Research & Development,Female,Latino,37,12/27/2018,87359
E01883,Accounting,Speciality Products,Female,Latino,28,7/6/2019,152036
E00701,Human Resources,Speciality Products,Female,Latino,45,4/26/2019,74891
E01347,Marketing,Speciality Products,Male,Latino,44,3/28/2021,186033
E01422,Marketing,Speciality Products,Female,Latino,29,5/15/2020,137106
E02192,IT,Speciality Products,Female,Latino,43,4/22/2010,76912
E00717,Human Resources,Manufacturing,Female,Latino,45,10/14/2005,51404
E01649,IT,Manufacturing,Female,Latino,46,4/24/2017,77461
E00955,Engineering,Speciality Products,Male,Latino,54,11/24/2012,94407
E02391,Human Resources,Speciality Products,Female,Latino,45,2/25/2019,249801
E00494,IT,Corporate,Male,Latino,39,10/21/2016,84297
E00634,Sales,Speciality Products,Female,Latino,53,1/9/2017,75769
E04683,Engineering,Speciality Products,Male,Latino,40,2/7/2020,187187
E02800,Sales,Speciality Products,Female,Latino,45,7/24/2018,148991
E04926,Engineering,Speciality Products,Female,Latino,52,3/25/2008,97398
E02649,Engineering,Research & Development,Male,Latino,27,9/28/2018,64247
E00518,Finance,Speciality Products,Female,Latino,51,6/14/2013,108221
E04564,Human Resources,Manufacturing,Male,Latino,41,12/27/2015,129903
E02024,Engineering,Speciality Products,Female,Latino,29,9/25/2020,123588
E03521,Sales,Corporate,Male,Latino,52,9/25/2020,163143
E01508,Engineering,Manufacturing,Female,Latino,49,3/12/2016,100810
E00862,IT,Research & Development,Male,Latino,64,6/27/2020,40316
E00035,IT,Manufacturing,Female,Latino,43,3/13/2009,62335
E02535,Engineering,Corporate,Female,Latino,29,1/14/2018,80516
E01943,Sales,Corporate,Female,Latino,52,10/5/2006,147966
E03240,IT,Research & Development,Male,Latino,42,11/29/2010,186725
E00568,Sales,Manufacturing,Male,Latino,26,3/2/2021,44732
E00447,Marketing,Corporate,Female,Latino,32,2/5/2014,203445
E02968,Finance,Research & Development,Female,Latino,25,7/12/2020,56565
E02047,Sales,Manufacturing,Male,Latino,51,2/26/1998,71111
E02563,Engineering,Corporate,Female,Latino,47,10/2/2018,111404
E03159,Marketing,Manufacturing,Female,Latino,37,7/21/2011,219474
E00102,IT,Speciality Products,Female,Latino,36,1/21/2021,90333
E01264,Human Resources,Research & Development,Female,Latino,62,4/19/2014,45295
E00943,Sales,Speciality Products,Female,Latino,27,10/24/2018,154973
E02193,Human Resources,Speciality Products,Female,Latino,40,9/20/2020,198176
E00577,Finance,Research & Development,Female,Latino,45,8/6/2012,58586
E02889,Marketing,Research & Development,Female,Latino,43,10/16/2014,171360
E04163,Engineering,Speciality Products,Male,Latino,32,10/9/2021,102298
E01652,Sales,Corporate,Female,Latino,27,9/13/2019,133297
E03102,Sales,Corporate,Male,Latino,50,4/25/2012,113269
E04562,Human Resources,Speciality Products,Female,Latino,52,8/28/1993,177443
E02554,Human Resources,Corporate,Male,Latino,44,9/10/2007,181247
E02888,IT,Speciality Products,Male,Latino,33,12/24/2012,132544
E02561,Human Resources,Corporate,Female,Latino,53,7/21/2006,151246
E02221,IT,Speciality Products,Male,Latino,29,5/19/2016,52693
E02627,Marketing,Manufacturing,Male,Latino,47,11/28/2005,62749
E03430,Human Resources,Research & Development,Male,Latino,48,4/22/1998,85369
